Unnamed: 0,MEQ,STAI1,STAI2,Pittsburgh,Daily_stress,BISBAS_bis,BISBAS_reward,BISBAS_drive,BISBAS_fun,panas_pos_10,panas_pos_14,panas_pos_18,panas_pos_22,panas_pos_9+1,panas_neg_10,panas_neg_14,panas_neg_18,panas_neg_22,panas_neg_9+1,user_id,Avg_Neg_PANAs
0,52.0,54.0,47.0,8.0,41.0,25.0,23.0,14.0,15.0,30.0,25.0,31.0,27.0,31.0,26.0,17.0,17.0,15.0,16.0,5,18.2
0,52.0,24.0,39.0,7.0,26.0,26.0,21.0,12.0,6.0,37.0,32.0,24.0,27.0,33.0,11.0,10.0,16.0,17.0,18.0,2,14.4
0,59.0,27.0,27.0,8.0,11.0,19.0,18.0,12.0,6.0,35.0,34.0,31.0,28.0,35.0,11.0,12.0,11.0,12.0,11.0,3,11.4
0,60.0,28.0,40.0,4.0,10.0,20.0,17.0,13.0,14.0,30.0,27.0,22.0,19.0,26.0,11.0,13.0,15.0,14.0,14.0,4,13.4
0,52.0,41.0,48.0,5.0,41.0,24.0,21.0,9.0,11.0,24.0,29.0,25.0,22.0,20.0,24.0,15.0,18.0,13.0,13.0,22,16.6
0,59.0,48.0,45.0,2.0,26.0,24.0,14.0,11.0,5.0,25.0,13.0,22.0,15.0,18.0,14.0,13.0,11.0,13.0,10.0,14,12.2
0,48.0,30.0,43.0,4.0,27.0,22.0,19.0,14.0,12.0,22.0,,26.0,14.0,23.0,13.0,,11.0,13.0,12.0,13,12.25
0,50.0,27.0,33.0,4.0,48.0,20.0,22.0,10.0,8.0,30.0,27.0,30.0,20.0,29.0,14.0,16.0,14.0,23.0,13.0,12,16.0
0,58.0,52.0,42.0,5.0,35.0,25.0,25.0,16.0,16.0,28.0,29.0,36.0,18.0,22.0,12.0,19.0,22.0,15.0,11.0,15,15.8
0,47.0,41.0,43.0,5.0,23.0,22.0,21.0,14.0,14.0,21.0,17.0,12.0,18.0,17.0,11.0,13.0,13.0,10.0,10.0,1,11.4
0,48.0,32.0,47.0,9.0,41.0,19.0,19.0,13.0,15.0,27.0,25.0,30.0,25.0,14.0,13.0,12.0,13.0,15.0,16.0,6,13.8
0,64.0,32.0,39.0,3.0,74.0,24.0,18.0,12.0,9.0,36.0,25.0,30.0,21.0,24.0,14.0,11.0,10.0,12.0,10.0,8,11.4
0,44.0,36.0,41.0,9.0,38.0,20.0,18.0,14.0,10.0,29.0,34.0,35.0,22.0,24.0,11.0,11.0,13.0,16.0,15.0,9,13.2
0,46.0,33.0,0.0,7.0,69.0,19.0,19.0,12.0,6.0,22.0,13.0,13.0,11.0,13.0,11.0,13.0,16.0,14.0,13.0,7,13.4
0,55.0,38.0,35.0,4.0,30.0,23.0,17.0,10.0,7.0,25.0,20.0,21.0,16.0,24.0,10.0,12.0,14.0,12.0,13.0,21,12.2
0,44.0,26.0,35.0,4.0,31.0,21.0,20.0,12.0,11.0,21.0,22.0,19.0,17.0,22.0,11.0,11.0,17.0,15.0,13.0,19,13.4
0,38.0,39.0,46.0,4.0,14.0,19.0,16.0,16.0,14.0,28.0,23.0,21.0,18.0,23.0,15.0,23.0,23.0,27.0,12.0,10,20.0
0,49.0,34.0,49.0,3.0,20.0,22.0,24.0,14.0,13.0,22.0,24.0,29.0,23.0,24.0,15.0,11.0,10.0,10.0,10.0,17,11.2
0,45.0,29.0,41.0,5.0,32.0,26.0,19.0,11.0,13.0,29.0,23.0,29.0,24.0,25.0,12.0,13.0,18.0,15.0,17.0,16,15.0
0,38.0,36.0,43.0,7.0,17.0,23.0,19.0,11.0,13.0,23.0,16.0,22.0,30.0,13.0,15.0,15.0,11.0,13.0,14.0,11,13.6
0,55.0,33.0,44.0,5.0,32.0,26.0,18.0,8.0,11.0,28.0,18.0,19.0,13.0,25.0,13.0,15.0,24.0,16.0,12.0,18,16.0
0,44.0,44.0,42.0,5.0,22.0,22.0,22.0,11.0,9.0,28.0,23.0,29.0,23.0,30.0,25.0,29.0,20.0,20.0,15.0,20,21.8
